Ahmed Benchekroun,Morocco,1987-03-21,ahmedbenchekroun@gmail.com,nil
Thomas Shapiro,Canada,1991-10-10,tomshapiro@gmail.com,nil
Adriana Molano,Colombia,1986-07-18,adimolano@hotmail.com,nil
Dominic Tremblay,Switzerland,1985-02-28,domtrem@yahoo.com,nil
Pablo Baraga,Mexico,1977-08-02,pabbar@gmail.com,nil
Katherine Sparro,United States,1975-04-08,ksparr@gmail.com,nil
Eric Andersson,Sweden,1992-03-03,anderssoneric@gmail.com,nil
Dmitriy Kulyk,Ukraine,1984-12-14,dmitriykk@gmail.com,nil
Amanda Polson,United Kingdom,1990-12-21,amandapol@gmail.com,nil
Tracy Wilson,United States,1982-07-01,trawil@gmail.com,nil
Carlos Hernadez,Dominican Republic,1985-08-22,carhern@gmail.com,nil
Michael Raigner,Canada,1986-10-17,mikeyraign@gmail.com,nil
Alfonzo Hans,Germany,1972-01-02,thefonz@gmail.com,nil
Jeffery Timmins,Australia,1990-04-22,jefftim@gmail.com,nil
Wendy Jones,Canada,1988-10-13,thejonezz@gmail.com,nil
Crystal Seener,Venezuala,1980-02-05,crystals@gmail.com,nil
Jamal Smith,Jamaica,1990-07-04,jamaicanmecrazy@gmail.com,nil
Serkan Yorulmaz,Turkey,1982-09-24,serkanyor@gmail.com,nil
Milo Buano,Argentina,1985-06-30,milob@hotmail.com,nil
Jenn Err,United States,1969-11-17,jennerb@gmail.com,nil
Angelo Saganaki,Greece,1985-10-31,angeloss@gmail.com,nil
Tristan Bourgeaux,France,1987-07-03,tristanbou@gmail.com,nil
Kelly Mantle,United States,1975-05-24,kellymantle@gmail.com,nil
Courtney Tremer,Australia,1950-08-08,courtneyoldlady@gmail.com,nil
Valentine Jung,France,1991-12-26,valentinejung@gmail.com,nil
Claire Xu,China,1982-01-04,clariebear@gmail.com,nil
Kostas Mouratis,Greece,1986-03-07,kostasthegreek@gmail.com,nil
Alexander Noiseux,Canada,1988-03-09,alexthenut@gmail.com,nil
Mathieu Powell,Canada,1985-06-10,pattymowell@gmail.com,nil
Hugo Tardif,France,1987-10-10,kingtardif@gmail.com,nil
Christine Smith,Australia,2000-04-03,xtinesmitty@gmail.com,nil
Sharleen Joynt,Canada,2003-04-05,barchlelor101@gmail.com,nil
Pedro Juanzo,Chile,2005-02-09,votepedro@gmail.com,nil
Carl Sage,United Kingdom,1958-03-09,carlcharles@gmail.com,nil
Sandor Miski,Hungary,1978-10-19,sandorthegreat@gmail.com,nil
Trevor Grand,Canada,1980-10-24,trevgrand@gmail.com,nil
Robert Shaw,United States,1995-09-23,robert@gmail.com,nil
Rachel Teichman,Israel,1982-11-23,rachelteich@gmail.com,nil
Colleen Lawlor,Canada,1983-08-24,colleenlawl@shaw.ca,nil
Joan Crow,South Africa,1986-09-24,jcrawcraw@gmail.com,nil
James Ferguson,United States,1980-10-19,jamesfergyferg@gmail.com,nil
Bea Smythe,New Zealand,1980-10-24,beabeaallnight@gmail.com,nil
Charles Morissette,Canada,1980-10-17,chuckychuck@gmail.com,nil
Arthur McDonald,United Kingdom,1970-01-13,aardvark@gmail.com,nil
Chris Evans,Australia,1980-10-22,mramerica@gmail.com,nil
Sergey Mokrik,Ukraine,1980-04-28,priviet@gmail.com,nil
Adrianne Juillet,Switzerland,1988-12-31,adriju@gmail.com,nil
Tanya Rishi,India,1990-10-30,rishiri@gmail.com,nil
Jonathan Panetta,Italy,1989-12-17,jonnypan@gmail.com,nil
Ivan Gavchuk,Russia,1984-11-11,ivanpaka@gmail.com,nil



